datetime_bangkok,fundingRate,symbol
2023-11-13 15:00:00,0.0001,ETHPERP
2023-11-13 23:00:00,0.0001,ETHPERP
2023-11-14 07:00:00,0.0001,ETHPERP
2023-11-14 15:00:00,0.0001,ETHPERP
2023-11-14 23:00:00,0.0001,ETHPERP
2023-11-15 07:00:00,0.0001,ETHPERP
2023-11-15 15:00:00,0.0001,ETHPERP
2023-11-15 23:00:00,0.0001,ETHPERP
2023-11-16 07:00:00,0.0001,ETHPERP
2023-11-16 15:00:00,0.00022408,ETHPERP
2023-11-16 23:00:00,0.0001,ETHPERP
2023-11-17 07:00:00,0.0001,ETHPERP
2023-11-17 15:00:00,0.0001,ETHPERP
2023-11-17 23:00:00,0.0001,ETHPERP
2023-11-18 07:00:00,0.0001,ETHPERP
2023-11-18 15:00:00,0.0001,ETHPERP
2023-11-18 23:00:00,0.0001,ETHPERP
2023-11-19 07:00:00,0.0001,ETHPERP
2023-11-19 15:00:00,0.0001,ETHPERP
2023-11-19 23:00:00,0.0001,ETHPERP
2023-11-20 07:00:00,0.0001,ETHPERP
2023-11-20 15:00:00,0.0001,ETHPERP
2023-11-20 23:00:00,0.0001,ETHPERP
2023-11-21 07:00:00,0.0001,ETHPERP
2023-11-21 15:00:00,0.0001,ETHPERP
2023-11-21 23:00:00,0.0001,ETHPERP
2023-11-22 07:00:00,0.0001,ETHPERP
2023-11-22 15:00:00,0.0001,ETHPERP
2023-11-22 23:00:00,0.0001,ETHPERP
2023-11-23 07:00:00,0.0001,ETHPERP
2023-11-23 15:00:00,0.0001,ETHPERP
2023-11-23 23:00:00,0.0001,ETHPERP
2023-11-24 07:00:00,0.0001,ETHPERP
2023-11-24 15:00:00,0.0001,ETHPERP
2023-11-24 23:00:00,0.0001,ETHPERP
2023-11-25 07:00:00,0.0001,ETHPERP
2023-11-25 15:00:00,0.0001,ETHPERP
2023-11-25 23:00:00,0.0001,ETHPERP
2023-11-26 07:00:00,0.0001,ETHPERP
2023-11-26 15:00:00,0.0001,ETHPERP
2023-11-26 23:00:00,0.0001,ETHPERP
2023-11-27 07:00:00,0.0001,ETHPERP
2023-11-27 15:00:00,0.0001,ETHPERP
2023-11-27 23:00:00,0.0001,ETHPERP
2023-11-28 07:00:00,0.0001,ETHPERP
2023-11-28 15:00:00,0.0001,ETHPERP
2023-11-28 23:00:00,0.0001,ETHPERP
2023-11-29 07:00:00,0.0001,ETHPERP
2023-11-29 15:00:00,0.0001,ETHPERP
2023-11-29 23:00:00,0.0001,ETHPERP
2023-11-30 07:00:00,0.0001,ETHPERP
2023-11-30 15:00:00,0.0001,ETHPERP
2023-11-30 23:00:00,0.0001,ETHPERP
2023-12-01 07:00:00,0.0001,ETHPERP
2023-12-01 15:00:00,0.0001,ETHPERP
2023-12-01 23:00:00,0.0001,ETHPERP
2023-12-02 07:00:00,0.0001,ETHPERP
2023-12-02 15:00:00,0.0001,ETHPERP
2023-12-02 23:00:00,0.0001,ETHPERP
2023-12-03 07:00:00,0.0001,ETHPERP
2023-12-03 15:00:00,0.00015358,ETHPERP
2023-12-03 23:00:00,0.0001,ETHPERP
2023-12-04 07:00:00,0.0001,ETHPERP
2023-12-04 15:00:00,0.00032905,ETHPERP
2023-12-04 23:00:00,0.00017388,ETHPERP
2023-12-05 07:00:00,0.0001,ETHPERP
2023-12-05 15:00:00,0.0001,ETHPERP
2023-12-05 23:00:00,0.0001,ETHPERP
2023-12-06 07:00:00,0.0001,ETHPERP
2023-12-06 15:00:00,0.0001,ETHPERP
2023-12-06 23:00:00,0.0001,ETHPERP
2023-12-07 07:00:00,0.0001,ETHPERP
2023-12-07 15:00:00,0.0001,ETHPERP
2023-12-07 23:00:00,0.0001,ETHPERP
2023-12-08 07:00:00,0.00016519,ETHPERP
2023-12-08 15:00:00,0.0001,ETHPERP
2023-12-08 23:00:00,0.00029992,ETHPERP
2023-12-09 07:00:00,0.00025262,ETHPERP
2023-12-09 15:00:00,0.00039976,ETHPERP
2023-12-09 23:00:00,0.00046544,ETHPERP
2023-12-10 07:00:00,0.00020562,ETHPERP
2023-12-10 15:00:00,0.00019131,ETHPERP
2023-12-10 23:00:00,0.00024641,ETHPERP
2023-12-11 07:00:00,0.00035828,ETHPERP
2023-12-11 15:00:00,0.0001,ETHPERP
2023-12-11 23:00:00,0.0002107,ETHPERP
2023-12-12 07:00:00,0.00055432,ETHPERP
2023-12-12 15:00:00,0.00037732,ETHPERP
2023-12-12 23:00:00,0.00029267,ETHPERP
2023-12-13 07:00:00,0.00037423,ETHPERP
2023-12-13 15:00:00,0.00027711,ETHPERP
2023-12-13 23:00:00,0.00038714,ETHPERP
2023-12-14 07:00:00,0.00014446,ETHPERP
2023-12-14 15:00:00,0.0001,ETHPERP
2023-12-14 23:00:00,0.00026582,ETHPERP
2023-12-15 07:00:00,0.00021343,ETHPERP
2023-12-15 15:00:00,0.000264,ETHPERP
2023-12-15 23:00:00,0.00041892,ETHPERP
2023-12-16 07:00:00,0.0002329,ETHPERP
2023-12-16 15:00:00,0.00021936,ETHPERP
2023-12-16 23:00:00,0.00012903,ETHPERP
2023-12-17 07:00:00,0.0001,ETHPERP
2023-12-17 15:00:00,0.00010789,ETHPERP
2023-12-17 23:00:00,0.0001,ETHPERP
2023-12-18 07:00:00,0.00018695,ETHPERP
2023-12-18 15:00:00,0.0001,ETHPERP
2023-12-18 23:00:00,0.0001,ETHPERP
2023-12-19 07:00:00,0.0001,ETHPERP
2023-12-19 15:00:00,0.0001,ETHPERP
2023-12-19 23:00:00,0.0001,ETHPERP
2023-12-20 07:00:00,0.0001,ETHPERP
2023-12-20 15:00:00,0.0001,ETHPERP
2023-12-20 23:00:00,0.00012233,ETHPERP
2023-12-21 07:00:00,0.00026934,ETHPERP
2023-12-21 15:00:00,0.00013773,ETHPERP
2023-12-21 23:00:00,0.00044305,ETHPERP
2023-12-22 07:00:00,0.00042952,ETHPERP
2023-12-22 15:00:00,0.00047483,ETHPERP
2023-12-22 23:00:00,0.00034647,ETHPERP
2023-12-23 07:00:00,0.0001,ETHPERP
2023-12-23 15:00:00,0.0001,ETHPERP
2023-12-23 23:00:00,0.0001,ETHPERP
2023-12-24 07:00:00,0.0001,ETHPERP
2023-12-24 15:00:00,0.0001,ETHPERP
2023-12-24 23:00:00,0.0001,ETHPERP
2023-12-25 07:00:00,0.0001,ETHPERP
2023-12-25 15:00:00,0.0001,ETHPERP
2023-12-25 23:00:00,0.00016128,ETHPERP
2023-12-26 07:00:00,0.00020993,ETHPERP
2023-12-26 15:00:00,0.0001,ETHPERP
2023-12-26 23:00:00,0.0001,ETHPERP
2023-12-27 07:00:00,0.00021755,ETHPERP
2023-12-27 15:00:00,0.00020962,ETHPERP
2023-12-27 23:00:00,0.000408,ETHPERP
2023-12-28 07:00:00,0.00021846,ETHPERP
2023-12-28 15:00:00,0.00049827,ETHPERP
2023-12-28 23:00:00,0.00058672,ETHPERP
2023-12-29 07:00:00,0.00048854,ETHPERP
2023-12-29 15:00:00,0.00052013,ETHPERP
2023-12-29 23:00:00,0.0004524,ETHPERP
2023-12-30 07:00:00,0.00043101,ETHPERP
2023-12-30 15:00:00,0.00025718,ETHPERP
2023-12-30 23:00:00,0.00022627,ETHPERP
2023-12-31 07:00:00,0.00010772,ETHPERP
2023-12-31 15:00:00,0.0001,ETHPERP
2023-12-31 23:00:00,0.00012808,ETHPERP
2024-01-01 07:00:00,0.00019985,ETHPERP
2024-01-01 15:00:00,0.00034973,ETHPERP
2024-01-01 23:00:00,0.00038924,ETHPERP
2024-01-02 07:00:00,0.00044613,ETHPERP
2024-01-02 15:00:00,0.00039748,ETHPERP
2024-01-02 23:00:00,0.00042803,ETHPERP
2024-01-03 07:00:00,0.00036375,ETHPERP
2024-01-03 15:00:00,0.00033047,ETHPERP
2024-01-03 23:00:00,0.0001,ETHPERP
2024-01-04 07:00:00,0.0001,ETHPERP
2024-01-04 15:00:00,0.0001,ETHPERP
2024-01-04 23:00:00,0.0001,ETHPERP
2024-01-05 07:00:00,0.0001,ETHPERP
2024-01-05 15:00:00,0.0001,ETHPERP
2024-01-05 23:00:00,0.0001,ETHPERP
2024-01-06 07:00:00,0.0001,ETHPERP
2024-01-06 15:00:00,0.0001,ETHPERP
2024-01-06 23:00:00,0.0001,ETHPERP
2024-01-07 07:00:00,0.0001,ETHPERP
2024-01-07 15:00:00,0.0001,ETHPERP
2024-01-07 23:00:00,0.0001,ETHPERP
2024-01-08 07:00:00,0.0001,ETHPERP
2024-01-08 15:00:00,0.0001,ETHPERP
2024-01-08 23:00:00,0.0001,ETHPERP
2024-01-09 07:00:00,0.0001,ETHPERP
2024-01-09 15:00:00,0.0001,ETHPERP
2024-01-09 23:00:00,0.0001,ETHPERP
2024-01-10 07:00:00,0.0001,ETHPERP
2024-01-10 15:00:00,0.0001,ETHPERP
2024-01-10 23:00:00,0.0001,ETHPERP
2024-01-11 07:00:00,0.0001,ETHPERP
2024-01-11 15:00:00,0.0001,ETHPERP
2024-01-11 23:00:00,0.0001,ETHPERP
2024-01-12 07:00:00,0.0001,ETHPERP
2024-01-12 15:00:00,0.0001,ETHPERP
2024-01-12 23:00:00,0.0001,ETHPERP
2024-01-13 07:00:00,0.0001,ETHPERP
2024-01-13 15:00:00,0.0001,ETHPERP
2024-01-13 23:00:00,0.0001,ETHPERP
2024-01-14 07:00:00,0.0001,ETHPERP
2024-01-14 15:00:00,0.0001,ETHPERP
2024-01-14 23:00:00,0.0001,ETHPERP
2024-01-15 07:00:00,0.0001,ETHPERP
2024-01-15 15:00:00,0.0001,ETHPERP
2024-01-15 23:00:00,0.0001,ETHPERP
2024-01-16 07:00:00,0.0001,ETHPERP
2024-01-16 15:00:00,0.0001,ETHPERP
2024-01-16 23:00:00,0.0001,ETHPERP
2024-01-17 07:00:00,0.0001,ETHPERP
2024-01-17 15:00:00,0.0001,ETHPERP
2024-01-17 23:00:00,0.0001,ETHPERP
2024-01-18 07:00:00,0.0001,ETHPERP
2024-01-18 15:00:00,0.0001,ETHPERP
2024-01-18 23:00:00,0.0001,ETHPERP
2024-01-19 07:00:00,0.0001,ETHPERP
2024-01-19 15:00:00,0.0001,ETHPERP
2024-01-19 23:00:00,0.0001,ETHPERP
2024-01-20 07:00:00,0.0001,ETHPERP
2024-01-20 15:00:00,0.0001,ETHPERP
2024-01-20 23:00:00,0.0001,ETHPERP
2024-01-21 07:00:00,0.0001,ETHPERP
2024-01-21 15:00:00,0.0001,ETHPERP
2024-01-21 23:00:00,0.0001,ETHPERP
2024-01-22 07:00:00,0.0001,ETHPERP
2024-01-22 15:00:00,0.0001,ETHPERP
2024-01-22 23:00:00,0.0001,ETHPERP
2024-01-23 07:00:00,0.0001,ETHPERP
2024-01-23 15:00:00,0.0001,ETHPERP
2024-01-23 23:00:00,0.00011386,ETHPERP
2024-01-24 07:00:00,0.0001,ETHPERP
2024-01-24 15:00:00,0.0001,ETHPERP
2024-01-24 23:00:00,0.0001,ETHPERP
2024-01-25 07:00:00,0.0001,ETHPERP
2024-01-25 15:00:00,0.0001,ETHPERP
2024-01-25 23:00:00,0.0001,ETHPERP
2024-01-26 07:00:00,0.0001,ETHPERP
2024-01-26 15:00:00,0.0001,ETHPERP
2024-01-26 23:00:00,0.0001,ETHPERP
2024-01-27 07:00:00,0.0001,ETHPERP
2024-01-27 15:00:00,0.0001,ETHPERP
2024-01-27 23:00:00,0.0001,ETHPERP
2024-01-28 07:00:00,0.0001,ETHPERP
2024-01-28 15:00:00,0.0001,ETHPERP
2024-01-28 23:00:00,0.00008067,ETHPERP
2024-01-29 07:00:00,0.0001,ETHPERP
2024-01-29 15:00:00,0.0001,ETHPERP
2024-01-29 23:00:00,0.0001,ETHPERP
2024-01-30 07:00:00,0.0001,ETHPERP
2024-01-30 15:00:00,0.0001,ETHPERP
2024-01-30 23:00:00,0.0001,ETHPERP
2024-01-31 07:00:00,0.0001,ETHPERP
2024-01-31 15:00:00,0.0001,ETHPERP
2024-01-31 23:00:00,0.0001,ETHPERP
2024-02-01 07:00:00,0.0001,ETHPERP
2024-02-01 15:00:00,0.0001,ETHPERP
2024-02-01 23:00:00,0.0001,ETHPERP
2024-02-02 07:00:00,0.0001,ETHPERP
2024-02-02 15:00:00,0.0001,ETHPERP
2024-02-02 23:00:00,0.0001,ETHPERP
2024-02-03 07:00:00,0.0001,ETHPERP
2024-02-03 15:00:00,0.0001,ETHPERP
2024-02-03 23:00:00,0.0001,ETHPERP
2024-02-04 07:00:00,0.0001,ETHPERP
2024-02-04 15:00:00,0.0001,ETHPERP
2024-02-04 23:00:00,0.0001,ETHPERP
2024-02-05 07:00:00,0.0001,ETHPERP
2024-02-05 15:00:00,0.0001,ETHPERP
2024-02-05 23:00:00,0.0001,ETHPERP
2024-02-06 07:00:00,0.0001,ETHPERP
2024-02-06 15:00:00,0.0001,ETHPERP
2024-02-06 23:00:00,0.0001,ETHPERP
2024-02-07 07:00:00,0.0001,ETHPERP
2024-02-07 15:00:00,0.0001,ETHPERP
2024-02-07 23:00:00,0.0001,ETHPERP
2024-02-08 07:00:00,0.0001,ETHPERP
2024-02-08 15:00:00,0.0001,ETHPERP
2024-02-08 23:00:00,0.00005947,ETHPERP
2024-02-09 07:00:00,-0.00001689,ETHPERP
2024-02-09 15:00:00,0.0001,ETHPERP
2024-02-09 23:00:00,0.0001,ETHPERP
2024-02-10 07:00:00,-0.0000821,ETHPERP
2024-02-10 15:00:00,-0.00009219,ETHPERP
2024-02-10 23:00:00,-0.00018116,ETHPERP
2024-02-11 07:00:00,0.00000224,ETHPERP
2024-02-11 15:00:00,-0.00001278,ETHPERP
2024-02-11 23:00:00,-0.00013278,ETHPERP
2024-02-12 07:00:00,-0.00007215,ETHPERP
2024-02-12 15:00:00,-0.00005588,ETHPERP
2024-02-12 23:00:00,0.0001,ETHPERP
2024-02-13 07:00:00,0.0001,ETHPERP
2024-02-13 15:00:00,0.0001,ETHPERP
2024-02-13 23:00:00,0.0001,ETHPERP
2024-02-14 07:00:00,0.0001,ETHPERP
2024-02-14 15:00:00,0.0001,ETHPERP
2024-02-14 23:00:00,0.0001,ETHPERP
2024-02-15 07:00:00,0.0001,ETHPERP
2024-02-15 15:00:00,0.0001,ETHPERP
2024-02-15 23:00:00,0.0001,ETHPERP
2024-02-16 07:00:00,0.0001,ETHPERP
2024-02-16 15:00:00,0.0001,ETHPERP
2024-02-16 23:00:00,0.0001,ETHPERP
2024-02-17 07:00:00,0.0001,ETHPERP
2024-02-17 15:00:00,0.0001,ETHPERP
2024-02-17 23:00:00,0.0001,ETHPERP
2024-02-18 07:00:00,0.0001,ETHPERP
2024-02-18 15:00:00,0.0001,ETHPERP
2024-02-18 23:00:00,0.0001,ETHPERP
2024-02-19 07:00:00,0.0001,ETHPERP
2024-02-19 15:00:00,0.0001,ETHPERP
2024-02-19 23:00:00,0.0001,ETHPERP
2024-02-20 07:00:00,0.0001,ETHPERP
2024-02-20 15:00:00,0.0001,ETHPERP
2024-02-20 23:00:00,0.0001,ETHPERP
2024-02-21 07:00:00,0.0001,ETHPERP
2024-02-21 15:00:00,0.0001,ETHPERP
2024-02-21 23:00:00,0.0001,ETHPERP
2024-02-22 07:00:00,0.0001,ETHPERP
2024-02-22 15:00:00,0.0001,ETHPERP
2024-02-22 23:00:00,0.0001,ETHPERP
2024-02-23 07:00:00,0.0001,ETHPERP
2024-02-23 15:00:00,0.0001,ETHPERP
2024-02-23 23:00:00,0.0001,ETHPERP
2024-02-24 07:00:00,0.0001,ETHPERP
2024-02-24 15:00:00,0.0001,ETHPERP
2024-02-24 23:00:00,0.0001,ETHPERP
2024-02-25 07:00:00,0.0001,ETHPERP
2024-02-25 15:00:00,0.00014855,ETHPERP
2024-02-25 23:00:00,0.0001,ETHPERP
2024-02-26 07:00:00,0.00047795,ETHPERP
2024-02-26 15:00:00,0.0001,ETHPERP
2024-02-26 23:00:00,0.0001,ETHPERP
2024-02-27 07:00:00,0.0001,ETHPERP
2024-02-27 15:00:00,0.0001,ETHPERP
2024-02-27 23:00:00,0.0001,ETHPERP
2024-02-28 07:00:00,0.0001,ETHPERP
2024-02-28 15:00:00,0.0001,ETHPERP
2024-02-28 23:00:00,0.0001,ETHPERP
2024-02-29 07:00:00,0.0001268,ETHPERP
2024-02-29 15:00:00,0.00039152,ETHPERP
2024-02-29 23:00:00,0.00030709,ETHPERP
2024-03-01 07:00:00,0.00022269,ETHPERP
2024-03-01 15:00:00,0.0001,ETHPERP
2024-03-01 23:00:00,0.00014519,ETHPERP
2024-03-02 07:00:00,0.0001,ETHPERP
2024-03-02 15:00:00,0.0001,ETHPERP
2024-03-02 23:00:00,0.0001,ETHPERP
2024-03-03 07:00:00,0.0001,ETHPERP
2024-03-03 15:00:00,0.0001,ETHPERP
2024-03-03 23:00:00,0.00016084,ETHPERP
2024-03-04 07:00:00,0.00015427,ETHPERP
2024-03-04 15:00:00,0.0001,ETHPERP
2024-03-04 23:00:00,0.00019305,ETHPERP
2024-03-05 07:00:00,0.0001,ETHPERP
2024-03-05 15:00:00,0.00075642,ETHPERP
2024-03-05 23:00:00,0.0004674,ETHPERP
2024-03-06 07:00:00,0.0001,ETHPERP
2024-03-06 15:00:00,0.00038632,ETHPERP
2024-03-06 23:00:00,0.00017587,ETHPERP
2024-03-07 07:00:00,0.0001,ETHPERP
2024-03-07 15:00:00,0.00010232,ETHPERP
2024-03-07 23:00:00,0.00019359,ETHPERP
2024-03-08 07:00:00,0.0001,ETHPERP
2024-03-08 15:00:00,0.00014086,ETHPERP
2024-03-08 23:00:00,0.000177,ETHPERP
2024-03-09 07:00:00,0.0001,ETHPERP
2024-03-09 15:00:00,0.0001,ETHPERP
2024-03-09 23:00:00,0.0001,ETHPERP
2024-03-10 07:00:00,0.0001,ETHPERP
2024-03-10 15:00:00,0.0001385,ETHPERP
2024-03-10 23:00:00,0.0001,ETHPERP
2024-03-11 07:00:00,0.0001,ETHPERP
2024-03-11 15:00:00,0.00068274,ETHPERP
2024-03-11 23:00:00,0.00064925,ETHPERP
2024-03-12 07:00:00,0.00063894,ETHPERP
2024-03-12 15:00:00,0.00042213,ETHPERP
2024-03-12 23:00:00,0.00056005,ETHPERP
2024-03-13 07:00:00,0.00047213,ETHPERP
2024-03-13 15:00:00,0.00055318,ETHPERP
2024-03-13 23:00:00,0.00026752,ETHPERP
2024-03-14 07:00:00,0.00024922,ETHPERP
2024-03-14 15:00:00,0.00039262,ETHPERP
2024-03-14 23:00:00,0.00053837,ETHPERP
2024-03-15 07:00:00,0.00081672,ETHPERP
2024-03-15 15:00:00,0.0006054,ETHPERP
2024-03-15 23:00:00,0.00041511,ETHPERP
2024-03-16 07:00:00,0.0001,ETHPERP
2024-03-16 15:00:00,0.00019933,ETHPERP
2024-03-16 23:00:00,0.0002535,ETHPERP
2024-03-17 07:00:00,0.00010849,ETHPERP
2024-03-17 15:00:00,0.00012984,ETHPERP
2024-03-17 23:00:00,0.00050167,ETHPERP
2024-03-18 07:00:00,0.00011589,ETHPERP
2024-03-18 15:00:00,0.00025207,ETHPERP
2024-03-18 23:00:00,0.00019859,ETHPERP
2024-03-19 07:00:00,0.00014762,ETHPERP
2024-03-19 15:00:00,0.0001,ETHPERP
2024-03-19 23:00:00,0.00019725,ETHPERP
2024-03-20 07:00:00,0.0001,ETHPERP
2024-03-20 15:00:00,0.0001,ETHPERP
2024-03-20 23:00:00,0.0001,ETHPERP
2024-03-21 07:00:00,0.0001,ETHPERP
2024-03-21 15:00:00,0.0001,ETHPERP
2024-03-21 23:00:00,0.0001,ETHPERP
2024-03-22 07:00:00,0.00019878,ETHPERP
2024-03-22 15:00:00,0.00015859,ETHPERP
2024-03-22 23:00:00,0.0001,ETHPERP
2024-03-23 07:00:00,0.0001,ETHPERP
2024-03-23 15:00:00,0.0001,ETHPERP
2024-03-23 23:00:00,0.0001,ETHPERP
2024-03-24 07:00:00,0.0001,ETHPERP
2024-03-24 15:00:00,0.0001,ETHPERP
2024-03-24 23:00:00,0.0001,ETHPERP
2024-03-25 07:00:00,0.0001,ETHPERP
2024-03-25 15:00:00,0.0001,ETHPERP
2024-03-25 23:00:00,0.0001,ETHPERP
2024-03-26 07:00:00,0.00022434,ETHPERP
2024-03-26 15:00:00,0.0001,ETHPERP
2024-03-26 23:00:00,0.0001157,ETHPERP
2024-03-27 07:00:00,0.00022357,ETHPERP
2024-03-27 15:00:00,0.00025415,ETHPERP
2024-03-27 23:00:00,0.00025711,ETHPERP
2024-03-28 07:00:00,0.0004897,ETHPERP
2024-03-28 15:00:00,0.00046303,ETHPERP
2024-03-28 23:00:00,0.00047183,ETHPERP
2024-03-29 07:00:00,0.00025829,ETHPERP
2024-03-29 15:00:00,0.00025683,ETHPERP
2024-03-29 23:00:00,0.00024314,ETHPERP
2024-03-30 07:00:00,0.00028523,ETHPERP
2024-03-30 15:00:00,0.00013716,ETHPERP
2024-03-30 23:00:00,0.00036979,ETHPERP
2024-03-31 07:00:00,0.0002051,ETHPERP
2024-03-31 15:00:00,0.00065516,ETHPERP
2024-03-31 23:00:00,0.0005301,ETHPERP
2024-04-01 07:00:00,0.00065746,ETHPERP
2024-04-01 15:00:00,0.00019398,ETHPERP
2024-04-01 23:00:00,0.0001,ETHPERP
2024-04-02 07:00:00,0.00010966,ETHPERP
2024-04-02 15:00:00,0.0001,ETHPERP
2024-04-02 23:00:00,0.0001,ETHPERP
2024-04-03 07:00:00,0.0001,ETHPERP
2024-04-03 15:00:00,0.0001,ETHPERP
2024-04-03 23:00:00,0.0001,ETHPERP
2024-04-04 07:00:00,0.0001,ETHPERP
2024-04-04 15:00:00,0.0001,ETHPERP
2024-04-04 23:00:00,0.0001,ETHPERP
2024-04-05 07:00:00,0.0001,ETHPERP
2024-04-05 15:00:00,0.0001,ETHPERP
2024-04-05 23:00:00,0.0001,ETHPERP
2024-04-06 07:00:00,0.0001,ETHPERP
2024-04-06 15:00:00,0.0001,ETHPERP
2024-04-06 23:00:00,0.0001,ETHPERP
2024-04-07 07:00:00,0.0001,ETHPERP
2024-04-07 15:00:00,0.0001,ETHPERP
2024-04-07 23:00:00,0.0001,ETHPERP
2024-04-08 07:00:00,0.0001,ETHPERP
2024-04-08 15:00:00,0.0001,ETHPERP
2024-04-08 23:00:00,0.0001632,ETHPERP
2024-04-09 07:00:00,0.00016619,ETHPERP
2024-04-09 15:00:00,0.0001,ETHPERP
2024-04-09 23:00:00,0.0001,ETHPERP
2024-04-10 07:00:00,0.00027301,ETHPERP
2024-04-10 15:00:00,0.0001,ETHPERP
2024-04-10 23:00:00,0.0001,ETHPERP
2024-04-11 07:00:00,0.0001,ETHPERP
2024-04-11 15:00:00,0.0001,ETHPERP
2024-04-11 23:00:00,0.0001,ETHPERP
2024-04-12 07:00:00,0.0001,ETHPERP
2024-04-12 15:00:00,0.0001,ETHPERP
2024-04-12 23:00:00,0.0001,ETHPERP
2024-04-13 07:00:00,0.0001,ETHPERP
2024-04-13 15:00:00,0.0001,ETHPERP
2024-04-13 23:00:00,0.0001,ETHPERP
2024-04-14 07:00:00,-0.00035081,ETHPERP
2024-04-14 15:00:00,-0.00000791,ETHPERP
2024-04-14 23:00:00,0.00006988,ETHPERP
2024-04-15 07:00:00,0.00003279,ETHPERP
2024-04-15 15:00:00,-0.00007154,ETHPERP
2024-04-15 23:00:00,-0.00018485,ETHPERP
2024-04-16 07:00:00,0.00000812,ETHPERP
2024-04-16 15:00:00,-0.00000102,ETHPERP
2024-04-16 23:00:00,0.00003609,ETHPERP
2024-04-17 07:00:00,0.00007494,ETHPERP
2024-04-17 15:00:00,0.00002262,ETHPERP
2024-04-17 23:00:00,-0.00003785,ETHPERP
2024-04-18 07:00:00,0.0001,ETHPERP
2024-04-18 15:00:00,0.00009808,ETHPERP
2024-04-18 23:00:00,-0.00000787,ETHPERP
2024-04-19 07:00:00,-0.00004044,ETHPERP
2024-04-19 15:00:00,0.0001,ETHPERP
2024-04-19 23:00:00,0.00000693,ETHPERP
2024-04-20 07:00:00,-0.00003404,ETHPERP
2024-04-20 15:00:00,-0.00007935,ETHPERP
2024-04-20 23:00:00,-0.00001487,ETHPERP
2024-04-21 07:00:00,0.00005963,ETHPERP
2024-04-21 15:00:00,0.00004381,ETHPERP
2024-04-21 23:00:00,-0.00000124,ETHPERP
2024-04-22 07:00:00,0.00002465,ETHPERP
2024-04-22 15:00:00,0.00002227,ETHPERP
2024-04-22 23:00:00,-0.00006738,ETHPERP
2024-04-23 07:00:00,-0.00001388,ETHPERP
2024-04-23 15:00:00,-0.00002787,ETHPERP
2024-04-23 23:00:00,0.00008076,ETHPERP
2024-04-24 07:00:00,0.00009867,ETHPERP
2024-04-24 15:00:00,0.0001,ETHPERP
2024-04-24 23:00:00,0.0001,ETHPERP
2024-04-25 07:00:00,0.0001,ETHPERP
2024-04-25 15:00:00,0.0001,ETHPERP
2024-04-25 23:00:00,0.0001,ETHPERP
2024-04-26 07:00:00,-0.00002698,ETHPERP
2024-04-26 15:00:00,-0.00010657,ETHPERP
2024-04-26 23:00:00,-0.00004178,ETHPERP
2024-04-27 07:00:00,0.00005148,ETHPERP
2024-04-27 15:00:00,0.0001,ETHPERP
2024-04-27 23:00:00,0.00003058,ETHPERP
2024-04-28 07:00:00,0.0001,ETHPERP
2024-04-28 15:00:00,0.0001,ETHPERP
2024-04-28 23:00:00,0.0001,ETHPERP
2024-04-29 07:00:00,0.0001,ETHPERP
2024-04-29 15:00:00,0.00000799,ETHPERP
2024-04-29 23:00:00,0.0000214,ETHPERP
2024-04-30 07:00:00,0.0001,ETHPERP
2024-04-30 15:00:00,0.00007744,ETHPERP
2024-04-30 23:00:00,0.00008567,ETHPERP
2024-05-01 07:00:00,0.0001,ETHPERP
2024-05-01 15:00:00,0.0001,ETHPERP
2024-05-01 23:00:00,0.0001,ETHPERP
2024-05-02 07:00:00,0.0001,ETHPERP
2024-05-02 15:00:00,0.0001,ETHPERP
2024-05-02 23:00:00,0.0001,ETHPERP
2024-05-03 07:00:00,0.00001988,ETHPERP
2024-05-03 15:00:00,-0.00005655,ETHPERP
2024-05-03 23:00:00,0.00002107,ETHPERP
2024-05-04 07:00:00,-0.00008918,ETHPERP
2024-05-04 15:00:00,-0.00008381,ETHPERP
2024-05-04 23:00:00,-0.00006896,ETHPERP
2024-05-05 07:00:00,0.00002937,ETHPERP
2024-05-05 15:00:00,-0.00007445,ETHPERP
2024-05-05 23:00:00,-0.00005274,ETHPERP
2024-05-06 07:00:00,-0.00002842,ETHPERP
2024-05-06 15:00:00,0.00006248,ETHPERP
2024-05-06 23:00:00,0.0001,ETHPERP
2024-05-07 07:00:00,0.0001,ETHPERP
2024-05-07 15:00:00,0.0001,ETHPERP
2024-05-07 23:00:00,0.0001,ETHPERP
2024-05-08 07:00:00,0.0001,ETHPERP
2024-05-08 15:00:00,0.0001,ETHPERP
2024-05-08 23:00:00,0.0001,ETHPERP
2024-05-09 07:00:00,0.0001,ETHPERP
2024-05-09 15:00:00,0.0001,ETHPERP
2024-05-09 23:00:00,0.0001,ETHPERP
2024-05-10 07:00:00,0.0001,ETHPERP
2024-05-10 15:00:00,0.0001,ETHPERP
2024-05-10 23:00:00,0.0001,ETHPERP
2024-05-11 07:00:00,0.0001,ETHPERP
2024-05-11 15:00:00,0.0001,ETHPERP
2024-05-11 23:00:00,0.0001,ETHPERP
2024-05-12 07:00:00,0.0001,ETHPERP
2024-05-12 15:00:00,0.0001,ETHPERP
2024-05-12 23:00:00,0.0001,ETHPERP
2024-05-13 07:00:00,0.0001,ETHPERP
2024-05-13 15:00:00,0.0001,ETHPERP
2024-05-13 23:00:00,0.0001,ETHPERP
2024-05-14 07:00:00,0.0001,ETHPERP
2024-05-14 15:00:00,0.0001,ETHPERP
2024-05-14 23:00:00,0.0001,ETHPERP
2024-05-15 07:00:00,0.0001,ETHPERP
2024-05-15 15:00:00,0.0001,ETHPERP
2024-05-15 23:00:00,0.0001,ETHPERP
2024-05-16 07:00:00,-0.00011328,ETHPERP
2024-05-16 15:00:00,0.00004445,ETHPERP
2024-05-16 23:00:00,-0.0000398,ETHPERP
2024-05-17 07:00:00,0.00001554,ETHPERP
2024-05-17 15:00:00,0.00005402,ETHPERP
2024-05-17 23:00:00,0.0001,ETHPERP
2024-05-18 07:00:00,0.0001,ETHPERP
2024-05-18 15:00:00,0.0001,ETHPERP
2024-05-18 23:00:00,0.0001,ETHPERP
2024-05-19 07:00:00,0.0001,ETHPERP
2024-05-19 15:00:00,0.0001,ETHPERP
2024-05-19 23:00:00,0.0001,ETHPERP
2024-05-20 07:00:00,0.0001,ETHPERP
2024-05-20 15:00:00,0.0001,ETHPERP
2024-05-20 23:00:00,0.0001,ETHPERP
2024-05-21 07:00:00,0.0001,ETHPERP
2024-05-21 15:00:00,0.00014691,ETHPERP
2024-05-21 23:00:00,0.00012884,ETHPERP
2024-05-22 07:00:00,0.00021097,ETHPERP
2024-05-22 15:00:00,0.0001,ETHPERP
2024-05-22 23:00:00,0.0001,ETHPERP
2024-05-23 07:00:00,0.000142,ETHPERP
2024-05-23 15:00:00,0.00032691,ETHPERP
2024-05-23 23:00:00,0.00013617,ETHPERP
2024-05-24 07:00:00,0.0001,ETHPERP
2024-05-24 15:00:00,0.0001,ETHPERP
2024-05-24 23:00:00,0.0001,ETHPERP
2024-05-25 07:00:00,0.0001,ETHPERP
2024-05-25 15:00:00,0.0001,ETHPERP
2024-05-25 23:00:00,0.0001,ETHPERP
2024-05-26 07:00:00,0.0001,ETHPERP
2024-05-26 15:00:00,0.0001,ETHPERP
2024-05-26 23:00:00,0.0001,ETHPERP
2024-05-27 07:00:00,0.0001,ETHPERP
2024-05-27 15:00:00,0.0001,ETHPERP
2024-05-27 23:00:00,0.00011687,ETHPERP
2024-05-28 07:00:00,0.00015395,ETHPERP
2024-05-28 15:00:00,0.0001,ETHPERP
2024-05-28 23:00:00,0.00012126,ETHPERP
2024-05-29 07:00:00,0.00029583,ETHPERP
2024-05-29 15:00:00,0.00027751,ETHPERP
2024-05-29 23:00:00,0.0001,ETHPERP
2024-05-30 07:00:00,0.00017426,ETHPERP
2024-05-30 15:00:00,0.00010667,ETHPERP
2024-05-30 23:00:00,0.0001,ETHPERP
2024-05-31 07:00:00,0.0001,ETHPERP
2024-05-31 15:00:00,0.0001,ETHPERP
2024-05-31 23:00:00,0.0001,ETHPERP
2024-06-01 07:00:00,0.0001,ETHPERP
2024-06-01 15:00:00,0.0001,ETHPERP
2024-06-01 23:00:00,0.0001,ETHPERP
2024-06-02 07:00:00,0.0001,ETHPERP
2024-06-02 15:00:00,0.0001,ETHPERP
2024-06-02 23:00:00,0.0001,ETHPERP
2024-06-03 07:00:00,0.0001,ETHPERP
2024-06-03 15:00:00,0.0001,ETHPERP
2024-06-03 23:00:00,0.0001,ETHPERP
2024-06-04 07:00:00,0.0001,ETHPERP
2024-06-04 15:00:00,0.0001,ETHPERP
2024-06-04 23:00:00,0.0001,ETHPERP
2024-06-05 07:00:00,0.0001,ETHPERP
2024-06-05 15:00:00,0.0001,ETHPERP
2024-06-05 23:00:00,0.0001,ETHPERP
2024-06-06 07:00:00,0.0001,ETHPERP
2024-06-06 15:00:00,0.0001,ETHPERP
2024-06-06 23:00:00,0.0001,ETHPERP
2024-06-07 07:00:00,0.0001,ETHPERP
2024-06-07 15:00:00,0.0001,ETHPERP
2024-06-07 23:00:00,0.0001,ETHPERP
2024-06-08 07:00:00,0.0001,ETHPERP
2024-06-08 15:00:00,0.0001,ETHPERP
2024-06-08 23:00:00,0.0001,ETHPERP
2024-06-09 07:00:00,0.0001,ETHPERP
2024-06-09 15:00:00,0.0001,ETHPERP
2024-06-09 23:00:00,0.0001,ETHPERP
2024-06-10 07:00:00,0.0001,ETHPERP
2024-06-10 15:00:00,0.0001,ETHPERP
2024-06-10 23:00:00,0.0001,ETHPERP
2024-06-11 07:00:00,0.0001,ETHPERP
2024-06-11 15:00:00,0.0001,ETHPERP
2024-06-11 23:00:00,0.0001,ETHPERP
2024-06-12 07:00:00,0.0001,ETHPERP
2024-06-12 15:00:00,0.0001,ETHPERP
2024-06-12 23:00:00,-0.0000506,ETHPERP
2024-06-13 07:00:00,0.00001547,ETHPERP
2024-06-13 15:00:00,-0.00000829,ETHPERP
2024-06-13 23:00:00,-0.00001331,ETHPERP
2024-06-14 07:00:00,0.0001,ETHPERP
2024-06-14 15:00:00,0.0001,ETHPERP
2024-06-14 23:00:00,0.00004566,ETHPERP
2024-06-15 07:00:00,0.0001,ETHPERP
2024-06-15 15:00:00,0.0001,ETHPERP
2024-06-15 23:00:00,0.0001,ETHPERP
2024-06-16 07:00:00,0.0001,ETHPERP
2024-06-16 15:00:00,0.0001,ETHPERP
2024-06-16 23:00:00,0.0001,ETHPERP
2024-06-17 07:00:00,0.0001,ETHPERP
2024-06-17 15:00:00,0.0001,ETHPERP
2024-06-17 23:00:00,0.0001,ETHPERP
2024-06-18 07:00:00,0.0001,ETHPERP
2024-06-18 15:00:00,0.00000659,ETHPERP
2024-06-18 23:00:00,0.00007163,ETHPERP
2024-06-19 07:00:00,0.0001,ETHPERP
2024-06-19 15:00:00,0.0001,ETHPERP
2024-06-19 23:00:00,0.0001,ETHPERP
2024-06-20 07:00:00,0.0001,ETHPERP
2024-06-20 15:00:00,0.0001,ETHPERP
2024-06-20 23:00:00,0.00009214,ETHPERP
2024-06-21 07:00:00,0.0001,ETHPERP
2024-06-21 15:00:00,0.0001,ETHPERP
2024-06-21 23:00:00,0.0001,ETHPERP
2024-06-22 07:00:00,0.0001,ETHPERP
2024-06-22 15:00:00,0.0001,ETHPERP
2024-06-22 23:00:00,0.00008544,ETHPERP
2024-06-23 07:00:00,0.0001,ETHPERP
2024-06-23 15:00:00,0.0001,ETHPERP
2024-06-23 23:00:00,0.0001,ETHPERP
2024-06-24 07:00:00,0.0000625,ETHPERP
2024-06-24 15:00:00,0.00008673,ETHPERP
2024-06-24 23:00:00,0.0001,ETHPERP
2024-06-25 07:00:00,0.0001,ETHPERP
2024-06-25 15:00:00,0.0001,ETHPERP
2024-06-25 23:00:00,0.0001,ETHPERP
2024-06-26 07:00:00,-0.0000157,ETHPERP
2024-06-26 15:00:00,0.00004934,ETHPERP
2024-06-26 23:00:00,0.00005261,ETHPERP
2024-06-27 07:00:00,0.0001,ETHPERP
2024-06-27 15:00:00,0.0001,ETHPERP
2024-06-27 23:00:00,0.0001,ETHPERP
2024-06-28 07:00:00,0.0001,ETHPERP
2024-06-28 15:00:00,0.0001,ETHPERP
2024-06-28 23:00:00,0.0001,ETHPERP
2024-06-29 07:00:00,0.0001,ETHPERP
2024-06-29 15:00:00,0.0001,ETHPERP
2024-06-29 23:00:00,0.0001,ETHPERP
2024-06-30 07:00:00,0.0001,ETHPERP
2024-06-30 15:00:00,0.0001,ETHPERP
2024-06-30 23:00:00,0.0001,ETHPERP
2024-07-01 07:00:00,0.0001,ETHPERP
2024-07-01 15:00:00,0.0001,ETHPERP
2024-07-01 23:00:00,0.0001,ETHPERP
2024-07-02 07:00:00,0.0001,ETHPERP
2024-07-02 15:00:00,0.0001,ETHPERP
2024-07-02 23:00:00,0.0001,ETHPERP
2024-07-03 07:00:00,0.0001,ETHPERP
2024-07-03 15:00:00,0.0001,ETHPERP
2024-07-03 23:00:00,0.0001,ETHPERP
2024-07-04 07:00:00,0.0001,ETHPERP
2024-07-04 15:00:00,0.00007634,ETHPERP
2024-07-04 23:00:00,0.0001,ETHPERP
2024-07-05 07:00:00,0.00007973,ETHPERP
2024-07-05 15:00:00,0.00005653,ETHPERP
2024-07-05 23:00:00,0.00001337,ETHPERP
2024-07-06 07:00:00,-0.00008262,ETHPERP
2024-07-06 15:00:00,-0.00004824,ETHPERP
2024-07-06 23:00:00,-0.00005287,ETHPERP
2024-07-07 07:00:00,-0.00010922,ETHPERP
2024-07-07 15:00:00,0.00000844,ETHPERP
2024-07-07 23:00:00,0.00002981,ETHPERP
2024-07-08 07:00:00,-0.00000251,ETHPERP
2024-07-08 15:00:00,0.00007271,ETHPERP
2024-07-08 23:00:00,0.0001,ETHPERP
2024-07-09 07:00:00,0.0001,ETHPERP
2024-07-09 15:00:00,0.0001,ETHPERP
2024-07-09 23:00:00,0.00006787,ETHPERP
2024-07-10 07:00:00,0.00007501,ETHPERP
2024-07-10 15:00:00,0.00008346,ETHPERP
2024-07-10 23:00:00,0.0001,ETHPERP
2024-07-11 07:00:00,0.00001376,ETHPERP
2024-07-11 15:00:00,0.0001,ETHPERP
2024-07-11 23:00:00,0.0000276,ETHPERP
2024-07-12 07:00:00,0.00004898,ETHPERP
2024-07-12 15:00:00,0.00000514,ETHPERP
2024-07-12 23:00:00,0.0000966,ETHPERP
2024-07-13 07:00:00,0.00003797,ETHPERP
2024-07-13 15:00:00,0.00002381,ETHPERP
2024-07-13 23:00:00,0.00007008,ETHPERP
2024-07-14 07:00:00,0.00006219,ETHPERP
2024-07-14 15:00:00,0.0001,ETHPERP
2024-07-14 23:00:00,0.00003995,ETHPERP
2024-07-15 07:00:00,0.0001,ETHPERP
2024-07-15 15:00:00,-0.00000087,ETHPERP
2024-07-15 23:00:00,0.0001,ETHPERP
2024-07-16 07:00:00,0.00000684,ETHPERP
2024-07-16 15:00:00,0.00001033,ETHPERP
2024-07-16 23:00:00,0.0001,ETHPERP
2024-07-17 07:00:00,0.00001263,ETHPERP
2024-07-17 15:00:00,0.00004617,ETHPERP
2024-07-17 23:00:00,0.0001,ETHPERP
2024-07-18 07:00:00,0.0001,ETHPERP
2024-07-18 15:00:00,0.0001,ETHPERP
2024-07-18 23:00:00,0.00003822,ETHPERP
2024-07-19 07:00:00,0.0001,ETHPERP
2024-07-19 15:00:00,0.0001,ETHPERP
2024-07-19 23:00:00,0.0001,ETHPERP
2024-07-20 07:00:00,0.0000245,ETHPERP
2024-07-20 15:00:00,0.00000738,ETHPERP
2024-07-20 23:00:00,0.00001581,ETHPERP
2024-07-21 07:00:00,0.00002513,ETHPERP
2024-07-21 15:00:00,-0.00000896,ETHPERP
2024-07-21 23:00:00,0.00002773,ETHPERP
2024-07-22 07:00:00,0.0001,ETHPERP
2024-07-22 15:00:00,0.0001,ETHPERP
2024-07-22 23:00:00,0.00003792,ETHPERP
2024-07-23 07:00:00,0.0000101,ETHPERP
2024-07-23 15:00:00,0.0001,ETHPERP
2024-07-23 23:00:00,0.0001,ETHPERP
2024-07-24 07:00:00,0.0001,ETHPERP
2024-07-24 15:00:00,0.0001,ETHPERP
2024-07-24 23:00:00,0.0001,ETHPERP
2024-07-25 07:00:00,0.0001,ETHPERP
2024-07-25 15:00:00,-0.00009954,ETHPERP
2024-07-25 23:00:00,-0.00008298,ETHPERP
2024-07-26 07:00:00,-0.00017416,ETHPERP
2024-07-26 15:00:00,0.0000966,ETHPERP
2024-07-26 23:00:00,0.0001,ETHPERP
2024-07-27 07:00:00,0.00009154,ETHPERP
2024-07-27 15:00:00,0.00008053,ETHPERP
2024-07-27 23:00:00,0.0001,ETHPERP
2024-07-28 07:00:00,0.0001,ETHPERP
2024-07-28 15:00:00,0.00006187,ETHPERP
2024-07-28 23:00:00,0.0001,ETHPERP
2024-07-29 07:00:00,0.0001,ETHPERP
2024-07-29 15:00:00,0.0001,ETHPERP
2024-07-29 23:00:00,0.0001,ETHPERP
2024-07-30 07:00:00,0.0001,ETHPERP
2024-07-30 15:00:00,0.0001,ETHPERP
2024-07-30 23:00:00,0.0001,ETHPERP
2024-07-31 07:00:00,0.0001,ETHPERP
2024-07-31 15:00:00,0.0001,ETHPERP
2024-07-31 23:00:00,0.0001,ETHPERP
2024-08-01 07:00:00,0.0001,ETHPERP
2024-08-01 15:00:00,0.0001,ETHPERP
2024-08-01 23:00:00,0.0001,ETHPERP
2024-08-02 07:00:00,0.0001,ETHPERP
2024-08-02 15:00:00,0.0001,ETHPERP
2024-08-02 23:00:00,0.0001,ETHPERP
2024-08-03 07:00:00,0.0001,ETHPERP
2024-08-03 15:00:00,0.0001,ETHPERP
2024-08-03 23:00:00,0.0001,ETHPERP
2024-08-04 07:00:00,0.0001,ETHPERP
2024-08-04 15:00:00,0.0001,ETHPERP
2024-08-04 23:00:00,0.0001,ETHPERP
2024-08-05 07:00:00,0.0001,ETHPERP
2024-08-05 15:00:00,0.0001,ETHPERP
2024-08-05 23:00:00,0.00008689,ETHPERP
2024-08-06 07:00:00,0.00007853,ETHPERP
2024-08-06 15:00:00,-0.00004868,ETHPERP
2024-08-06 23:00:00,0.00007112,ETHPERP
2024-08-07 07:00:00,-0.00000779,ETHPERP
2024-08-07 15:00:00,-0.00001017,ETHPERP
2024-08-07 23:00:00,0.00004593,ETHPERP
2024-08-08 07:00:00,-0.00002588,ETHPERP
2024-08-08 15:00:00,0.00002839,ETHPERP
2024-08-08 23:00:00,-0.00002103,ETHPERP
2024-08-09 07:00:00,-0.00007161,ETHPERP
2024-08-09 15:00:00,0.00001418,ETHPERP
2024-08-09 23:00:00,-0.00005018,ETHPERP
2024-08-10 07:00:00,-0.00009471,ETHPERP
2024-08-10 15:00:00,0.00003637,ETHPERP
2024-08-10 23:00:00,0.0000603,ETHPERP
2024-08-11 07:00:00,0.00003907,ETHPERP
2024-08-11 15:00:00,0.00003894,ETHPERP
2024-08-11 23:00:00,-0.00003965,ETHPERP
2024-08-12 07:00:00,0.00009826,ETHPERP
2024-08-12 15:00:00,0.00005923,ETHPERP
2024-08-12 23:00:00,0.0001,ETHPERP
2024-08-13 07:00:00,0.0001,ETHPERP
2024-08-13 15:00:00,0.00000765,ETHPERP
2024-08-13 23:00:00,0.00000652,ETHPERP
2024-08-14 07:00:00,0.00008159,ETHPERP
2024-08-14 15:00:00,0.00004015,ETHPERP
2024-08-14 23:00:00,-0.00000472,ETHPERP
2024-08-15 07:00:00,0.0001,ETHPERP
2024-08-15 15:00:00,0.0001,ETHPERP
2024-08-15 23:00:00,0.00005775,ETHPERP
2024-08-16 07:00:00,-0.00000537,ETHPERP
2024-08-16 15:00:00,0.00006567,ETHPERP
2024-08-16 23:00:00,0.00001997,ETHPERP
2024-08-17 07:00:00,-0.00003108,ETHPERP
2024-08-17 15:00:00,-0.00000102,ETHPERP
2024-08-17 23:00:00,0.00002792,ETHPERP
2024-08-18 07:00:00,0.00002915,ETHPERP
2024-08-18 15:00:00,-0.00001981,ETHPERP
2024-08-18 23:00:00,0.00001717,ETHPERP
2024-08-19 07:00:00,-0.00004144,ETHPERP
2024-08-19 15:00:00,-0.00005179,ETHPERP
2024-08-19 23:00:00,-0.00008745,ETHPERP
2024-08-20 07:00:00,-0.00001893,ETHPERP
2024-08-20 15:00:00,-0.00005084,ETHPERP
2024-08-20 23:00:00,-0.00001351,ETHPERP
2024-08-21 07:00:00,0.00004593,ETHPERP
2024-08-21 15:00:00,-0.00000688,ETHPERP
2024-08-21 23:00:00,0.00006504,ETHPERP
2024-08-22 07:00:00,0.00000522,ETHPERP
2024-08-22 15:00:00,-0.00002861,ETHPERP
2024-08-22 23:00:00,0.00000317,ETHPERP
2024-08-23 07:00:00,0.00006398,ETHPERP
2024-08-23 15:00:00,0.00007525,ETHPERP
2024-08-23 23:00:00,0.00005897,ETHPERP
2024-08-24 07:00:00,-0.00013845,ETHPERP
2024-08-24 15:00:00,-0.00011326,ETHPERP
2024-08-24 23:00:00,-0.00006767,ETHPERP
2024-08-25 07:00:00,0.00000674,ETHPERP
2024-08-25 15:00:00,-0.00006745,ETHPERP
2024-08-25 23:00:00,-0.00004505,ETHPERP
2024-08-26 07:00:00,-0.00001801,ETHPERP
2024-08-26 15:00:00,0.00000607,ETHPERP
2024-08-26 23:00:00,0.0001,ETHPERP
2024-08-27 07:00:00,0.0001,ETHPERP
2024-08-27 15:00:00,0.0001,ETHPERP
2024-08-27 23:00:00,0.0001,ETHPERP
2024-08-28 07:00:00,0.0001,ETHPERP
2024-08-28 15:00:00,-0.00004093,ETHPERP
2024-08-28 23:00:00,0.00003397,ETHPERP
2024-08-29 07:00:00,0.0000082,ETHPERP
2024-08-29 15:00:00,-0.00002307,ETHPERP
2024-08-29 23:00:00,0.00000432,ETHPERP
2024-08-30 07:00:00,0.00008203,ETHPERP
2024-08-30 15:00:00,0.00009596,ETHPERP
2024-08-30 23:00:00,0.00005903,ETHPERP
2024-08-31 07:00:00,0.00009554,ETHPERP
2024-08-31 15:00:00,0.0001,ETHPERP
2024-08-31 23:00:00,0.00004651,ETHPERP
2024-09-01 07:00:00,0.00009337,ETHPERP
2024-09-01 15:00:00,0.00006523,ETHPERP
2024-09-01 23:00:00,-0.00001326,ETHPERP
2024-09-02 07:00:00,-0.00001393,ETHPERP
2024-09-02 15:00:00,0.00000729,ETHPERP
2024-09-02 23:00:00,0.00009647,ETHPERP
2024-09-03 07:00:00,0.00003954,ETHPERP
2024-09-03 15:00:00,0.00002767,ETHPERP
2024-09-03 23:00:00,0.00006481,ETHPERP
2024-09-04 07:00:00,0.00007291,ETHPERP
2024-09-04 15:00:00,0.00002025,ETHPERP
2024-09-04 23:00:00,0.00004764,ETHPERP
2024-09-05 07:00:00,-0.00002576,ETHPERP
2024-09-05 15:00:00,0.00004427,ETHPERP
2024-09-05 23:00:00,0.00005179,ETHPERP
2024-09-06 07:00:00,0.00004412,ETHPERP
2024-09-06 15:00:00,0.00005809,ETHPERP
2024-09-06 23:00:00,0.0001,ETHPERP
2024-09-07 07:00:00,0.0001,ETHPERP
2024-09-07 15:00:00,-0.00000332,ETHPERP
2024-09-07 23:00:00,-0.00009167,ETHPERP
2024-09-08 07:00:00,-0.00013764,ETHPERP
2024-09-08 15:00:00,-0.00005825,ETHPERP
2024-09-08 23:00:00,-0.00011494,ETHPERP
2024-09-09 07:00:00,-0.00001491,ETHPERP
2024-09-09 15:00:00,0.00007785,ETHPERP
2024-09-09 23:00:00,-0.00000064,ETHPERP
2024-09-10 07:00:00,-0.00009729,ETHPERP
2024-09-10 15:00:00,-0.00001969,ETHPERP
2024-09-10 23:00:00,-0.00003558,ETHPERP
2024-09-11 07:00:00,0.00003343,ETHPERP
2024-09-11 15:00:00,0.0000156,ETHPERP
2024-09-11 23:00:00,0.00008871,ETHPERP
2024-09-12 07:00:00,0.00003359,ETHPERP
2024-09-12 15:00:00,0.00005929,ETHPERP
2024-09-12 23:00:00,0.0001,ETHPERP
2024-09-13 07:00:00,0.00002718,ETHPERP
2024-09-13 15:00:00,0.00002657,ETHPERP
2024-09-13 23:00:00,0.00009897,ETHPERP
2024-09-14 07:00:00,-0.00002731,ETHPERP
2024-09-14 15:00:00,0.00003454,ETHPERP
2024-09-14 23:00:00,0.00002964,ETHPERP
2024-09-15 07:00:00,0.00004179,ETHPERP
2024-09-15 15:00:00,0.00004918,ETHPERP
2024-09-15 23:00:00,0.00004663,ETHPERP
2024-09-16 07:00:00,0.00003281,ETHPERP
2024-09-16 15:00:00,0.00000824,ETHPERP
2024-09-16 23:00:00,0.00005837,ETHPERP
2024-09-17 07:00:00,0.00009969,ETHPERP
2024-09-17 15:00:00,0.00009737,ETHPERP
2024-09-17 23:00:00,0.0001,ETHPERP
2024-09-18 07:00:00,0.00000292,ETHPERP
2024-09-18 15:00:00,0.00002812,ETHPERP
2024-09-18 23:00:00,0.00003715,ETHPERP
2024-09-19 07:00:00,0.00006968,ETHPERP
2024-09-19 15:00:00,0.00004119,ETHPERP
2024-09-19 23:00:00,0.00006674,ETHPERP
2024-09-20 07:00:00,0.00006548,ETHPERP
2024-09-20 15:00:00,0.0001,ETHPERP
2024-09-20 23:00:00,0.0001,ETHPERP
2024-09-21 07:00:00,0.0001,ETHPERP
2024-09-21 15:00:00,0.0001,ETHPERP
2024-09-21 23:00:00,0.00009071,ETHPERP
2024-09-22 07:00:00,0.00005602,ETHPERP
2024-09-22 15:00:00,-0.00005532,ETHPERP
2024-09-22 23:00:00,0.00006164,ETHPERP
2024-09-23 07:00:00,0.00007334,ETHPERP
2024-09-23 15:00:00,0.0001,ETHPERP
2024-09-23 23:00:00,0.0001,ETHPERP
2024-09-24 07:00:00,0.00005556,ETHPERP
2024-09-24 15:00:00,0.0001,ETHPERP
2024-09-24 23:00:00,0.0001,ETHPERP
2024-09-25 07:00:00,0.0001,ETHPERP
2024-09-25 15:00:00,0.00009301,ETHPERP
2024-09-25 23:00:00,0.0001,ETHPERP
2024-09-26 07:00:00,0.0001,ETHPERP
2024-09-26 15:00:00,0.0001,ETHPERP
2024-09-26 23:00:00,0.0001,ETHPERP
2024-09-27 07:00:00,0.00002684,ETHPERP
2024-09-27 15:00:00,0.00003753,ETHPERP
2024-09-27 23:00:00,0.00002374,ETHPERP
2024-09-28 07:00:00,0.00000811,ETHPERP
2024-09-28 15:00:00,0.00005362,ETHPERP
2024-09-28 23:00:00,0.00003701,ETHPERP
2024-09-29 07:00:00,0.00004745,ETHPERP
2024-09-29 15:00:00,0.0001,ETHPERP
2024-09-29 23:00:00,0.0001,ETHPERP
2024-09-30 07:00:00,0.0001,ETHPERP
2024-09-30 15:00:00,0.00008934,ETHPERP
2024-09-30 23:00:00,0.0001,ETHPERP
2024-10-01 07:00:00,0.0001,ETHPERP
2024-10-01 15:00:00,0.0001,ETHPERP
2024-10-01 23:00:00,0.0001,ETHPERP
2024-10-02 07:00:00,0.0001,ETHPERP
2024-10-02 15:00:00,0.0001,ETHPERP
2024-10-02 23:00:00,0.00008972,ETHPERP
2024-10-03 07:00:00,0.00004751,ETHPERP
2024-10-03 15:00:00,0.00001328,ETHPERP
2024-10-03 23:00:00,0.00006649,ETHPERP
2024-10-04 07:00:00,0.00001304,ETHPERP
2024-10-04 15:00:00,0.00002535,ETHPERP
2024-10-04 23:00:00,0.00009332,ETHPERP
2024-10-05 07:00:00,0.00000938,ETHPERP
2024-10-05 15:00:00,0.00000896,ETHPERP
2024-10-05 23:00:00,0.00000236,ETHPERP
2024-10-06 07:00:00,0.00006852,ETHPERP
2024-10-06 15:00:00,0.00003117,ETHPERP
2024-10-06 23:00:00,0.0000388,ETHPERP
2024-10-07 07:00:00,-0.00000309,ETHPERP
2024-10-07 15:00:00,0.0001,ETHPERP
2024-10-07 23:00:00,0.0001,ETHPERP
2024-10-08 07:00:00,0.00009153,ETHPERP
2024-10-08 15:00:00,0.0001,ETHPERP
2024-10-08 23:00:00,0.0001,ETHPERP
2024-10-09 07:00:00,0.0001,ETHPERP
2024-10-09 15:00:00,0.0001,ETHPERP
2024-10-09 23:00:00,0.0001,ETHPERP
2024-10-10 07:00:00,0.0001,ETHPERP
2024-10-10 15:00:00,0.0001,ETHPERP
2024-10-10 23:00:00,0.0001,ETHPERP
2024-10-11 07:00:00,0.0001,ETHPERP
2024-10-11 15:00:00,0.0001,ETHPERP
2024-10-11 23:00:00,0.0001,ETHPERP
2024-10-12 07:00:00,0.00008375,ETHPERP
2024-10-12 15:00:00,0.0001,ETHPERP
2024-10-12 23:00:00,0.0001,ETHPERP
2024-10-13 07:00:00,0.0001,ETHPERP
2024-10-13 15:00:00,0.0001,ETHPERP
2024-10-13 23:00:00,0.0001,ETHPERP
2024-10-14 07:00:00,0.0001,ETHPERP
2024-10-14 15:00:00,0.0001,ETHPERP
2024-10-14 23:00:00,0.0001,ETHPERP
2024-10-15 07:00:00,0.0001,ETHPERP
2024-10-15 15:00:00,0.0001,ETHPERP
2024-10-15 23:00:00,0.0001,ETHPERP
2024-10-16 07:00:00,0.0000567,ETHPERP
2024-10-16 15:00:00,0.00005849,ETHPERP
2024-10-16 23:00:00,0.0001,ETHPERP
2024-10-17 07:00:00,-0.00001918,ETHPERP
2024-10-17 15:00:00,0.00006668,ETHPERP
2024-10-17 23:00:00,0.00008801,ETHPERP
2024-10-18 07:00:00,0.00004591,ETHPERP
2024-10-18 15:00:00,0.00009652,ETHPERP
2024-10-18 23:00:00,0.0001,ETHPERP
2024-10-19 07:00:00,0.00006418,ETHPERP
2024-10-19 15:00:00,0.0001,ETHPERP
2024-10-19 23:00:00,0.0001,ETHPERP
2024-10-20 07:00:00,0.0001,ETHPERP
2024-10-20 15:00:00,0.0001,ETHPERP
2024-10-20 23:00:00,0.0001,ETHPERP
2024-10-21 07:00:00,0.0001,ETHPERP
2024-10-21 15:00:00,0.0001,ETHPERP
2024-10-21 23:00:00,0.0001,ETHPERP
2024-10-22 07:00:00,0.0001,ETHPERP
2024-10-22 15:00:00,0.0001,ETHPERP
2024-10-22 23:00:00,0.0001,ETHPERP
2024-10-23 07:00:00,0.0001,ETHPERP
2024-10-23 15:00:00,0.0001,ETHPERP
2024-10-23 23:00:00,0.0001,ETHPERP
2024-10-24 07:00:00,0.0001,ETHPERP
2024-10-24 15:00:00,0.0001,ETHPERP
2024-10-24 23:00:00,0.0001,ETHPERP
2024-10-25 07:00:00,0.0001,ETHPERP
2024-10-25 15:00:00,0.0001,ETHPERP
2024-10-25 23:00:00,0.0001,ETHPERP
2024-10-26 07:00:00,0.0001,ETHPERP
2024-10-26 15:00:00,0.0001,ETHPERP
2024-10-26 23:00:00,0.0001,ETHPERP
2024-10-27 07:00:00,0.0001,ETHPERP
2024-10-27 15:00:00,0.0001,ETHPERP
2024-10-27 23:00:00,0.0001,ETHPERP
2024-10-28 07:00:00,0.0001,ETHPERP
2024-10-28 15:00:00,0.0001,ETHPERP
2024-10-28 23:00:00,0.0001,ETHPERP
2024-10-29 07:00:00,0.0001,ETHPERP
2024-10-29 15:00:00,0.0001,ETHPERP
2024-10-29 23:00:00,0.0001,ETHPERP
2024-10-30 07:00:00,0.0001,ETHPERP
2024-10-30 15:00:00,0.0001,ETHPERP
2024-10-30 23:00:00,0.0001,ETHPERP
2024-10-31 07:00:00,0.0001,ETHPERP
2024-10-31 15:00:00,0.0001,ETHPERP
2024-10-31 23:00:00,0.0001,ETHPERP
2024-11-01 07:00:00,0.0001,ETHPERP
2024-11-01 15:00:00,0.0001,ETHPERP
2024-11-01 23:00:00,0.0001,ETHPERP
2024-11-02 07:00:00,0.0001,ETHPERP
2024-11-02 15:00:00,0.0001,ETHPERP
2024-11-02 23:00:00,0.0001,ETHPERP
2024-11-03 07:00:00,0.0001,ETHPERP
2024-11-03 15:00:00,0.0001,ETHPERP
2024-11-03 23:00:00,0.0001,ETHPERP
2024-11-04 07:00:00,0.0001,ETHPERP
2024-11-04 15:00:00,0.0001,ETHPERP
2024-11-04 23:00:00,0.0001,ETHPERP
2024-11-05 07:00:00,0.0001,ETHPERP
2024-11-05 15:00:00,0.0001,ETHPERP
2024-11-05 23:00:00,0.0001,ETHPERP
2024-11-06 07:00:00,0.0001,ETHPERP
2024-11-06 15:00:00,0.0001,ETHPERP
2024-11-06 23:00:00,0.0001,ETHPERP
2024-11-07 07:00:00,0.0001,ETHPERP
2024-11-07 15:00:00,0.0001,ETHPERP
2024-11-07 23:00:00,0.0001,ETHPERP
2024-11-08 07:00:00,0.0001,ETHPERP
2024-11-08 15:00:00,0.0001,ETHPERP
2024-11-08 23:00:00,0.0001,ETHPERP
2024-11-09 07:00:00,0.0001,ETHPERP
2024-11-09 15:00:00,0.0001,ETHPERP
2024-11-09 23:00:00,0.0001,ETHPERP
2024-11-10 07:00:00,0.0001,ETHPERP
2024-11-10 15:00:00,0.0001,ETHPERP
2024-11-10 23:00:00,0.0001,ETHPERP
2024-11-11 07:00:00,0.0001,ETHPERP
2024-11-11 15:00:00,0.0001,ETHPERP
2024-11-11 23:00:00,0.0001,ETHPERP
2024-11-12 07:00:00,0.0001,ETHPERP
2024-11-12 15:00:00,0.0001,ETHPERP
2024-11-12 23:00:00,0.00017847,ETHPERP
2024-11-13 07:00:00,0.0001,ETHPERP
2024-11-13 15:00:00,0.0001,ETHPERP
2024-11-13 23:00:00,0.0001,ETHPERP
2024-11-14 07:00:00,0.0001,ETHPERP
2024-11-14 15:00:00,0.0001,ETHPERP
2024-11-14 23:00:00,0.0001,ETHPERP
2024-11-15 07:00:00,0.0001,ETHPERP
2024-11-15 15:00:00,0.0001,ETHPERP
2024-11-15 23:00:00,0.0001,ETHPERP
2024-11-16 07:00:00,0.0001,ETHPERP
2024-11-16 15:00:00,0.0001,ETHPERP
2024-11-16 23:00:00,0.0001,ETHPERP
2024-11-17 07:00:00,0.0001,ETHPERP
2024-11-17 15:00:00,0.0001,ETHPERP
2024-11-17 23:00:00,0.0001,ETHPERP
2024-11-18 07:00:00,0.0001,ETHPERP
2024-11-18 15:00:00,0.00025939,ETHPERP
2024-11-18 23:00:00,0.00017771,ETHPERP
2024-11-19 07:00:00,0.00013296,ETHPERP
2024-11-19 15:00:00,0.00014494,ETHPERP
2024-11-19 23:00:00,0.0001,ETHPERP
2024-11-20 07:00:00,0.0001,ETHPERP
2024-11-20 15:00:00,0.0001,ETHPERP
2024-11-20 23:00:00,0.0001,ETHPERP
2024-11-21 07:00:00,0.0001,ETHPERP
2024-11-21 15:00:00,0.0001,ETHPERP
2024-11-21 23:00:00,0.0001818,ETHPERP
2024-11-22 07:00:00,0.00016705,ETHPERP
2024-11-22 15:00:00,0.00026888,ETHPERP
2024-11-22 23:00:00,0.0001,ETHPERP
2024-11-23 07:00:00,0.0001,ETHPERP
2024-11-23 15:00:00,0.00018857,ETHPERP
2024-11-23 23:00:00,0.00022025,ETHPERP
2024-11-24 07:00:00,0.00012069,ETHPERP
2024-11-24 15:00:00,0.00029962,ETHPERP
2024-11-24 23:00:00,0.0001,ETHPERP
2024-11-25 07:00:00,0.00015299,ETHPERP
2024-11-25 15:00:00,0.00012424,ETHPERP
2024-11-25 23:00:00,0.00033931,ETHPERP
2024-11-26 07:00:00,0.00025137,ETHPERP
2024-11-26 15:00:00,0.00013472,ETHPERP
2024-11-26 23:00:00,0.00018275,ETHPERP
2024-11-27 07:00:00,0.00032281,ETHPERP
2024-11-27 15:00:00,0.0003968,ETHPERP
2024-11-27 23:00:00,0.00029926,ETHPERP
2024-11-28 07:00:00,0.0001,ETHPERP
2024-11-28 15:00:00,0.00015501,ETHPERP
2024-11-28 23:00:00,0.00011697,ETHPERP
2024-11-29 07:00:00,0.00031673,ETHPERP
2024-11-29 15:00:00,0.00032255,ETHPERP
2024-11-29 23:00:00,0.00029776,ETHPERP
2024-11-30 07:00:00,0.00014839,ETHPERP
2024-11-30 15:00:00,0.00031503,ETHPERP
2024-11-30 23:00:00,0.00022041,ETHPERP
2024-12-01 07:00:00,0.00023406,ETHPERP
2024-12-01 15:00:00,0.0001,ETHPERP
2024-12-01 23:00:00,0.00012626,ETHPERP
2024-12-02 07:00:00,0.00035189,ETHPERP
2024-12-02 15:00:00,0.00021576,ETHPERP
2024-12-02 23:00:00,0.00029334,ETHPERP
2024-12-03 07:00:00,0.00018999,ETHPERP
2024-12-03 15:00:00,0.00039047,ETHPERP
2024-12-03 23:00:00,0.00021541,ETHPERP
2024-12-04 07:00:00,0.00026653,ETHPERP
2024-12-04 15:00:00,0.00033569,ETHPERP
2024-12-04 23:00:00,0.00048876,ETHPERP
2024-12-05 07:00:00,0.00021381,ETHPERP
2024-12-05 15:00:00,0.00069243,ETHPERP
2024-12-05 23:00:00,0.00060237,ETHPERP
2024-12-06 07:00:00,0.00016916,ETHPERP
2024-12-06 15:00:00,0.00029253,ETHPERP
2024-12-06 23:00:00,0.00018485,ETHPERP
2024-12-07 07:00:00,0.00021656,ETHPERP
2024-12-07 15:00:00,0.00023872,ETHPERP
2024-12-07 23:00:00,0.00040924,ETHPERP
2024-12-08 07:00:00,0.0002709,ETHPERP
2024-12-08 15:00:00,0.00033939,ETHPERP
2024-12-08 23:00:00,0.00027593,ETHPERP
2024-12-09 07:00:00,0.00028109,ETHPERP
2024-12-09 15:00:00,0.00019743,ETHPERP
2024-12-09 23:00:00,0.00036751,ETHPERP
2024-12-10 07:00:00,0.0001,ETHPERP
2024-12-10 15:00:00,0.0001,ETHPERP
2024-12-10 23:00:00,0.0001,ETHPERP
2024-12-11 07:00:00,0.0001,ETHPERP
2024-12-11 15:00:00,0.0001,ETHPERP
2024-12-11 23:00:00,0.0001,ETHPERP
2024-12-12 07:00:00,0.0001,ETHPERP
2024-12-12 15:00:00,0.0001,ETHPERP
2024-12-12 23:00:00,0.0001,ETHPERP
2024-12-13 07:00:00,0.0001,ETHPERP
2024-12-13 15:00:00,0.0001,ETHPERP
2024-12-13 23:00:00,0.0001,ETHPERP
2024-12-14 07:00:00,0.0001,ETHPERP
2024-12-14 15:00:00,0.0001,ETHPERP
2024-12-14 23:00:00,0.0001,ETHPERP
2024-12-15 07:00:00,0.0001,ETHPERP
2024-12-15 15:00:00,0.0001,ETHPERP
2024-12-15 23:00:00,0.0001,ETHPERP
2024-12-16 07:00:00,0.0001,ETHPERP
2024-12-16 15:00:00,0.00014075,ETHPERP
2024-12-16 23:00:00,0.0001,ETHPERP
2024-12-17 07:00:00,0.0001,ETHPERP
2024-12-17 15:00:00,0.0001,ETHPERP
2024-12-17 23:00:00,0.0001,ETHPERP
2024-12-18 07:00:00,0.0001,ETHPERP
2024-12-18 15:00:00,0.0001,ETHPERP
2024-12-18 23:00:00,0.0001,ETHPERP
2024-12-19 07:00:00,0.0001,ETHPERP
2024-12-19 15:00:00,0.0001,ETHPERP
2024-12-19 23:00:00,0.0001,ETHPERP
2024-12-20 07:00:00,0.0001,ETHPERP
2024-12-20 15:00:00,0.0001,ETHPERP
2024-12-20 23:00:00,0.0001,ETHPERP
2024-12-21 07:00:00,0.0001,ETHPERP
2024-12-21 15:00:00,0.0001,ETHPERP
2024-12-21 23:00:00,0.0001,ETHPERP
2024-12-22 07:00:00,0.0001,ETHPERP
2024-12-22 15:00:00,0.0001,ETHPERP
2024-12-22 23:00:00,0.0001,ETHPERP
2024-12-23 07:00:00,0.0001,ETHPERP
2024-12-23 15:00:00,0.0001,ETHPERP
2024-12-23 23:00:00,0.0001,ETHPERP
2024-12-24 07:00:00,0.0001,ETHPERP
2024-12-24 15:00:00,0.0001,ETHPERP
2024-12-24 23:00:00,0.0001,ETHPERP
2024-12-25 07:00:00,0.0001,ETHPERP
2024-12-25 15:00:00,0.0001,ETHPERP
2024-12-25 23:00:00,0.0001,ETHPERP
2024-12-26 07:00:00,0.0001,ETHPERP
2024-12-26 15:00:00,0.0001,ETHPERP
2024-12-26 23:00:00,0.0001,ETHPERP
2024-12-27 07:00:00,0.0001,ETHPERP
2024-12-27 15:00:00,0.0001,ETHPERP
2024-12-27 23:00:00,0.0001,ETHPERP
2024-12-28 07:00:00,0.0001,ETHPERP
2024-12-28 15:00:00,0.0001,ETHPERP
2024-12-28 23:00:00,0.0001,ETHPERP
2024-12-29 07:00:00,0.0001,ETHPERP
2024-12-29 15:00:00,0.0001,ETHPERP
2024-12-29 23:00:00,0.0001,ETHPERP
2024-12-30 07:00:00,0.0001,ETHPERP
2024-12-30 15:00:00,0.0001,ETHPERP
2024-12-30 23:00:00,0.0001,ETHPERP
2024-12-31 07:00:00,0.0001,ETHPERP
2024-12-31 15:00:00,0.0001,ETHPERP
2024-12-31 23:00:00,0.0001,ETHPERP
2025-01-01 07:00:00,0.0001,ETHPERP
2025-01-01 15:00:00,0.0001,ETHPERP
2025-01-01 23:00:00,0.0001,ETHPERP
2025-01-02 07:00:00,0.0001,ETHPERP
2025-01-02 15:00:00,0.0001,ETHPERP
2025-01-02 23:00:00,0.0001,ETHPERP
2025-01-03 07:00:00,0.0001,ETHPERP
2025-01-03 15:00:00,0.0001,ETHPERP
2025-01-03 23:00:00,0.0001,ETHPERP
2025-01-04 07:00:00,0.0001,ETHPERP
2025-01-04 15:00:00,0.0001,ETHPERP
2025-01-04 23:00:00,0.0001,ETHPERP
2025-01-05 07:00:00,0.0001,ETHPERP
2025-01-05 15:00:00,0.0001,ETHPERP
2025-01-05 23:00:00,0.0001,ETHPERP
2025-01-06 07:00:00,0.0001,ETHPERP
2025-01-06 15:00:00,0.0001,ETHPERP
2025-01-06 23:00:00,0.0001,ETHPERP
2025-01-07 07:00:00,0.0001,ETHPERP
2025-01-07 15:00:00,0.0001,ETHPERP
2025-01-07 23:00:00,0.0001,ETHPERP
2025-01-08 07:00:00,0.0001,ETHPERP
2025-01-08 15:00:00,0.0001,ETHPERP
2025-01-08 23:00:00,0.0001,ETHPERP
2025-01-09 07:00:00,0.0001,ETHPERP
2025-01-09 15:00:00,0.0001,ETHPERP
2025-01-09 23:00:00,0.0001,ETHPERP
2025-01-10 07:00:00,0.00006641,ETHPERP
2025-01-10 15:00:00,0.0001,ETHPERP
2025-01-10 23:00:00,0.0001,ETHPERP
2025-01-11 07:00:00,0.0001,ETHPERP
2025-01-11 15:00:00,0.0001,ETHPERP
2025-01-11 23:00:00,0.0001,ETHPERP
2025-01-12 07:00:00,0.0001,ETHPERP
2025-01-12 15:00:00,0.0001,ETHPERP
2025-01-12 23:00:00,0.0001,ETHPERP
2025-01-13 07:00:00,0.0001,ETHPERP
2025-01-13 15:00:00,0.0001,ETHPERP
2025-01-13 23:00:00,0.0001,ETHPERP
2025-01-14 07:00:00,0.0001,ETHPERP
2025-01-14 15:00:00,0.0001,ETHPERP
2025-01-14 23:00:00,0.0001,ETHPERP
2025-01-15 07:00:00,0.0001,ETHPERP
2025-01-15 15:00:00,0.0001,ETHPERP
2025-01-15 23:00:00,0.0001,ETHPERP
2025-01-16 07:00:00,0.0001,ETHPERP
2025-01-16 15:00:00,0.0001,ETHPERP
2025-01-16 23:00:00,0.0001,ETHPERP
2025-01-17 07:00:00,0.0001,ETHPERP
2025-01-17 15:00:00,0.0001,ETHPERP
2025-01-17 23:00:00,0.0001,ETHPERP
2025-01-18 07:00:00,0.0001,ETHPERP
2025-01-18 15:00:00,0.0001,ETHPERP
2025-01-18 23:00:00,0.0001,ETHPERP
2025-01-19 07:00:00,0.0001,ETHPERP
2025-01-19 15:00:00,0.0001,ETHPERP
2025-01-19 23:00:00,0.0001,ETHPERP
2025-01-20 07:00:00,0.0001,ETHPERP
2025-01-20 15:00:00,0.0001,ETHPERP
2025-01-20 23:00:00,0.0001,ETHPERP
2025-01-21 07:00:00,0.0001,ETHPERP
2025-01-21 15:00:00,0.0001,ETHPERP
2025-01-21 23:00:00,0.0001,ETHPERP
2025-01-22 07:00:00,0.0001,ETHPERP
2025-01-22 15:00:00,0.0001,ETHPERP
2025-01-22 23:00:00,0.0001,ETHPERP
2025-01-23 07:00:00,0.0001,ETHPERP
2025-01-23 15:00:00,0.0001,ETHPERP
2025-01-23 23:00:00,0.0001,ETHPERP
2025-01-24 07:00:00,0.0001,ETHPERP
2025-01-24 15:00:00,0.0001,ETHPERP
2025-01-24 23:00:00,0.0001,ETHPERP
2025-01-25 07:00:00,0.0001,ETHPERP
2025-01-25 15:00:00,0.0001,ETHPERP
2025-01-25 23:00:00,0.0001,ETHPERP
2025-01-26 07:00:00,0.0001,ETHPERP
2025-01-26 15:00:00,0.0001,ETHPERP
2025-01-26 23:00:00,0.0001,ETHPERP
2025-01-27 07:00:00,0.0001,ETHPERP
2025-01-27 15:00:00,0.0001,ETHPERP
2025-01-27 23:00:00,0.0001,ETHPERP
2025-01-28 07:00:00,0.0001,ETHPERP
2025-01-28 15:00:00,0.0001,ETHPERP
2025-01-28 23:00:00,0.0001,ETHPERP
2025-01-29 07:00:00,0.0001,ETHPERP
2025-01-29 15:00:00,0.0001,ETHPERP
2025-01-29 23:00:00,0.0001,ETHPERP
2025-01-30 07:00:00,0.0001,ETHPERP
2025-01-30 15:00:00,0.0001,ETHPERP
2025-01-30 23:00:00,0.0001,ETHPERP
2025-01-31 07:00:00,0.0001,ETHPERP
2025-01-31 15:00:00,0.0001,ETHPERP
2025-01-31 23:00:00,0.0001,ETHPERP
2025-02-01 07:00:00,0.0001,ETHPERP
2025-02-01 15:00:00,0.0001,ETHPERP
2025-02-01 23:00:00,0.00008131,ETHPERP
2025-02-02 07:00:00,0.00007222,ETHPERP
2025-02-02 15:00:00,0.0001,ETHPERP
2025-02-02 23:00:00,0.0001,ETHPERP
2025-02-03 07:00:00,0.0001,ETHPERP
2025-02-03 15:00:00,-0.00013967,ETHPERP
2025-02-03 23:00:00,-0.00007196,ETHPERP
2025-02-04 07:00:00,-0.00011596,ETHPERP
2025-02-04 15:00:00,0.0001,ETHPERP
2025-02-04 23:00:00,0.0001,ETHPERP
2025-02-05 07:00:00,0.00007794,ETHPERP
2025-02-05 15:00:00,0.0000533,ETHPERP
2025-02-05 23:00:00,0.0001,ETHPERP
2025-02-06 07:00:00,0.0001,ETHPERP
2025-02-06 15:00:00,0.00004289,ETHPERP
2025-02-06 23:00:00,0.00004752,ETHPERP
2025-02-07 07:00:00,0.00008007,ETHPERP
2025-02-07 15:00:00,-0.00002161,ETHPERP
2025-02-07 23:00:00,0.00000507,ETHPERP
2025-02-08 07:00:00,-0.00004225,ETHPERP
2025-02-08 15:00:00,0.00009475,ETHPERP
2025-02-08 23:00:00,0.0001,ETHPERP
2025-02-09 07:00:00,-0.00000993,ETHPERP
2025-02-09 15:00:00,-0.00003861,ETHPERP
2025-02-09 23:00:00,0.00000767,ETHPERP
2025-02-10 07:00:00,-0.00000003,ETHPERP
2025-02-10 15:00:00,0.0000631,ETHPERP
2025-02-10 23:00:00,0.00008443,ETHPERP
2025-02-11 07:00:00,0.00004861,ETHPERP
2025-02-11 15:00:00,0.0001,ETHPERP
2025-02-11 23:00:00,0.00006204,ETHPERP
2025-02-12 07:00:00,0.0001,ETHPERP
2025-02-12 15:00:00,0.00005844,ETHPERP
2025-02-12 23:00:00,0.00004215,ETHPERP
2025-02-13 07:00:00,0.0001,ETHPERP
2025-02-13 15:00:00,0.0001,ETHPERP
2025-02-13 23:00:00,0.00005884,ETHPERP
2025-02-14 07:00:00,0.0001,ETHPERP
2025-02-14 15:00:00,0.00008316,ETHPERP
2025-02-14 23:00:00,0.00009677,ETHPERP
2025-02-15 07:00:00,0.00001735,ETHPERP
2025-02-15 15:00:00,-0.00001865,ETHPERP
2025-02-15 23:00:00,-0.00000093,ETHPERP
2025-02-16 07:00:00,-0.00001197,ETHPERP
2025-02-16 15:00:00,0.00003243,ETHPERP
2025-02-16 23:00:00,0.00003908,ETHPERP
2025-02-17 07:00:00,0.00000482,ETHPERP
2025-02-17 15:00:00,0.00002443,ETHPERP
2025-02-17 23:00:00,0.0001,ETHPERP
2025-02-18 07:00:00,0.00006588,ETHPERP
2025-02-18 15:00:00,-0.00001474,ETHPERP
2025-02-18 23:00:00,0.0001,ETHPERP
2025-02-19 07:00:00,0.0001,ETHPERP
2025-02-19 15:00:00,0.0001,ETHPERP
2025-02-19 23:00:00,0.00002304,ETHPERP
2025-02-20 07:00:00,-0.00000851,ETHPERP
2025-02-20 15:00:00,0.00006984,ETHPERP
2025-02-20 23:00:00,-0.00002106,ETHPERP
2025-02-21 07:00:00,-0.0000426,ETHPERP
2025-02-21 15:00:00,0.00007329,ETHPERP
2025-02-21 23:00:00,0.00004613,ETHPERP
2025-02-22 07:00:00,0.0001,ETHPERP
2025-02-22 15:00:00,0.0001,ETHPERP
2025-02-22 23:00:00,0.0001,ETHPERP
2025-02-23 07:00:00,0.0001,ETHPERP
2025-02-23 15:00:00,0.0001,ETHPERP
2025-02-23 23:00:00,0.0001,ETHPERP
2025-02-24 07:00:00,0.0001,ETHPERP
2025-02-24 15:00:00,0.0001,ETHPERP
2025-02-24 23:00:00,0.0000885,ETHPERP
2025-02-25 07:00:00,0.00005974,ETHPERP
2025-02-25 15:00:00,0.0001,ETHPERP
2025-02-25 23:00:00,0.0001,ETHPERP
2025-02-26 07:00:00,0.0001,ETHPERP
2025-02-26 15:00:00,0.0001,ETHPERP
2025-02-26 23:00:00,0.0001,ETHPERP
2025-02-27 07:00:00,0.0001,ETHPERP
2025-02-27 15:00:00,0.0001,ETHPERP
2025-02-27 23:00:00,0.0001,ETHPERP
2025-02-28 07:00:00,0.0001,ETHPERP
2025-02-28 15:00:00,0.0001,ETHPERP
2025-02-28 23:00:00,0.0001,ETHPERP
2025-03-01 07:00:00,0.00007071,ETHPERP
2025-03-01 15:00:00,0.00003868,ETHPERP
2025-03-01 23:00:00,0.00006993,ETHPERP
2025-03-02 07:00:00,0.00004469,ETHPERP
2025-03-02 15:00:00,-0.00001703,ETHPERP
2025-03-02 23:00:00,0.0001,ETHPERP
2025-03-03 07:00:00,0.0001,ETHPERP
2025-03-03 15:00:00,0.0001,ETHPERP
2025-03-03 23:00:00,0.0001,ETHPERP
2025-03-04 07:00:00,0.0001,ETHPERP
2025-03-04 15:00:00,0.0001,ETHPERP
2025-03-04 23:00:00,0.00009531,ETHPERP
2025-03-05 07:00:00,0.00009574,ETHPERP
2025-03-05 15:00:00,0.0001,ETHPERP
2025-03-05 23:00:00,0.00008406,ETHPERP
2025-03-06 07:00:00,0.00008849,ETHPERP
2025-03-06 15:00:00,0.0001,ETHPERP
2025-03-06 23:00:00,0.0001,ETHPERP
2025-03-07 07:00:00,-0.000107,ETHPERP
2025-03-07 15:00:00,-0.00008494,ETHPERP
2025-03-07 23:00:00,0.0001,ETHPERP
2025-03-08 07:00:00,0.0001,ETHPERP
2025-03-08 15:00:00,0.00008252,ETHPERP
2025-03-08 23:00:00,0.0001,ETHPERP
2025-03-09 07:00:00,0.00005586,ETHPERP
2025-03-09 15:00:00,0.00007737,ETHPERP
2025-03-09 23:00:00,0.0000501,ETHPERP
2025-03-10 07:00:00,-0.00000754,ETHPERP
2025-03-10 15:00:00,0.00009082,ETHPERP
2025-03-10 23:00:00,0.00009982,ETHPERP
2025-03-11 07:00:00,0.0001,ETHPERP
2025-03-11 15:00:00,0.0001,ETHPERP
2025-03-11 23:00:00,0.0001,ETHPERP
2025-03-12 07:00:00,0.0000718,ETHPERP
2025-03-12 15:00:00,0.00004218,ETHPERP
2025-03-12 23:00:00,0.00004799,ETHPERP
2025-03-13 07:00:00,0.0000749,ETHPERP
2025-03-13 15:00:00,0.00004259,ETHPERP
2025-03-13 23:00:00,0.00008571,ETHPERP
2025-03-14 07:00:00,0.0001,ETHPERP
2025-03-14 15:00:00,0.0001,ETHPERP
2025-03-14 23:00:00,0.00006055,ETHPERP
2025-03-15 07:00:00,0.00000826,ETHPERP
2025-03-15 15:00:00,0.00002534,ETHPERP
2025-03-15 23:00:00,0.00000834,ETHPERP
2025-03-16 07:00:00,0.00005828,ETHPERP
2025-03-16 15:00:00,-0.00001404,ETHPERP
2025-03-16 23:00:00,0.0000295,ETHPERP
2025-03-17 07:00:00,0.00003689,ETHPERP
2025-03-17 15:00:00,0.0001,ETHPERP
2025-03-17 23:00:00,0.0001,ETHPERP
2025-03-18 07:00:00,0.00009061,ETHPERP
2025-03-18 15:00:00,0.00005122,ETHPERP
2025-03-18 23:00:00,0.00004448,ETHPERP
2025-03-19 07:00:00,0.00003635,ETHPERP
2025-03-19 15:00:00,0.00008011,ETHPERP
2025-03-19 23:00:00,0.0001,ETHPERP
2025-03-20 07:00:00,0.00006834,ETHPERP
2025-03-20 15:00:00,0.00002625,ETHPERP
2025-03-20 23:00:00,0.0001,ETHPERP
2025-03-21 07:00:00,0.0001,ETHPERP
2025-03-21 15:00:00,0.0001,ETHPERP
2025-03-21 23:00:00,0.00008738,ETHPERP
2025-03-22 07:00:00,0.00009032,ETHPERP
2025-03-22 15:00:00,0.0001,ETHPERP
2025-03-22 23:00:00,0.0001,ETHPERP
2025-03-23 07:00:00,-0.00000084,ETHPERP
2025-03-23 15:00:00,0.00006623,ETHPERP
2025-03-23 23:00:00,0.00006878,ETHPERP
2025-03-24 07:00:00,0.00002218,ETHPERP
2025-03-24 15:00:00,0.0000604,ETHPERP
2025-03-24 23:00:00,0.0001,ETHPERP
2025-03-25 07:00:00,-0.00003031,ETHPERP
2025-03-25 15:00:00,-0.00002598,ETHPERP
2025-03-25 23:00:00,0.00001971,ETHPERP
2025-03-26 07:00:00,0.00006113,ETHPERP
2025-03-26 15:00:00,0.0001,ETHPERP
2025-03-26 23:00:00,0.00002241,ETHPERP
2025-03-27 07:00:00,0.00006935,ETHPERP
2025-03-27 15:00:00,0.00006457,ETHPERP
2025-03-27 23:00:00,0.00008303,ETHPERP
2025-03-28 07:00:00,0.0001,ETHPERP
2025-03-28 15:00:00,0.00003825,ETHPERP
2025-03-28 23:00:00,0.00008628,ETHPERP
2025-03-29 07:00:00,0.0001,ETHPERP
2025-03-29 15:00:00,0.00006493,ETHPERP
2025-03-29 23:00:00,0.00005196,ETHPERP
2025-03-30 07:00:00,-0.00000118,ETHPERP
2025-03-30 15:00:00,-0.00003219,ETHPERP
2025-03-30 23:00:00,0.00000791,ETHPERP
2025-03-31 07:00:00,-0.00000917,ETHPERP
2025-03-31 15:00:00,0.0000117,ETHPERP
2025-03-31 23:00:00,0.00007635,ETHPERP
2025-04-01 07:00:00,0.0001,ETHPERP
2025-04-01 15:00:00,0.00008042,ETHPERP
2025-04-01 23:00:00,0.00007618,ETHPERP
2025-04-02 07:00:00,0.00002017,ETHPERP
2025-04-02 15:00:00,0.00001455,ETHPERP
2025-04-02 23:00:00,0.00006178,ETHPERP
2025-04-03 07:00:00,0.00000402,ETHPERP
2025-04-03 15:00:00,0.00001451,ETHPERP
2025-04-03 23:00:00,-0.00005021,ETHPERP
2025-04-04 07:00:00,0.00001753,ETHPERP
2025-04-04 15:00:00,-0.00001356,ETHPERP
2025-04-04 23:00:00,0.0000364,ETHPERP
2025-04-05 07:00:00,0.00007342,ETHPERP
2025-04-05 15:00:00,-0.00001063,ETHPERP
2025-04-05 23:00:00,0.00007691,ETHPERP
2025-04-06 07:00:00,0.0000282,ETHPERP
2025-04-06 15:00:00,0.00004246,ETHPERP
2025-04-06 23:00:00,-0.00003834,ETHPERP
2025-04-07 07:00:00,0.00003869,ETHPERP
2025-04-07 15:00:00,-0.00001386,ETHPERP
2025-04-07 23:00:00,-0.00005007,ETHPERP
2025-04-08 07:00:00,-0.00002451,ETHPERP
2025-04-08 15:00:00,0.00002715,ETHPERP
2025-04-08 23:00:00,-0.00002997,ETHPERP
2025-04-09 07:00:00,0.00001397,ETHPERP
2025-04-09 15:00:00,0.00001689,ETHPERP
2025-04-09 23:00:00,0.0000829,ETHPERP
2025-04-10 07:00:00,0.00008326,ETHPERP
2025-04-10 15:00:00,0.00006296,ETHPERP
2025-04-10 23:00:00,0.00002683,ETHPERP
2025-04-11 07:00:00,-0.00001462,ETHPERP
2025-04-11 15:00:00,0.00001192,ETHPERP
2025-04-11 23:00:00,-0.00000603,ETHPERP
2025-04-12 07:00:00,-0.0000381,ETHPERP
2025-04-12 15:00:00,-0.00002312,ETHPERP
2025-04-12 23:00:00,0.0000389,ETHPERP
2025-04-13 07:00:00,0.00005679,ETHPERP
2025-04-13 15:00:00,-0.00003401,ETHPERP
2025-04-13 23:00:00,-0.00012666,ETHPERP
2025-04-14 07:00:00,-0.00009207,ETHPERP
2025-04-14 15:00:00,-0.00000576,ETHPERP
2025-04-14 23:00:00,-0.00002023,ETHPERP
2025-04-15 07:00:00,-0.00004387,ETHPERP
2025-04-15 15:00:00,-0.00002369,ETHPERP
2025-04-15 23:00:00,-0.00009463,ETHPERP
2025-04-16 07:00:00,-0.00004402,ETHPERP
2025-04-16 15:00:00,-0.00006257,ETHPERP
2025-04-16 23:00:00,0.00000284,ETHPERP
2025-04-17 07:00:00,-0.00001932,ETHPERP
2025-04-17 15:00:00,0.00001974,ETHPERP
2025-04-17 23:00:00,-0.00002525,ETHPERP
2025-04-18 07:00:00,-0.00002963,ETHPERP
2025-04-18 15:00:00,-0.00003635,ETHPERP
2025-04-18 23:00:00,-0.00002146,ETHPERP
2025-04-19 07:00:00,0.00001581,ETHPERP
2025-04-19 15:00:00,0.00001083,ETHPERP
2025-04-19 23:00:00,0.00007217,ETHPERP
2025-04-20 07:00:00,0.00005004,ETHPERP
2025-04-20 15:00:00,0.00003372,ETHPERP
2025-04-20 23:00:00,-0.00005186,ETHPERP
2025-04-21 07:00:00,-0.00001121,ETHPERP
2025-04-21 15:00:00,0.00009593,ETHPERP
2025-04-21 23:00:00,-0.00001539,ETHPERP
2025-04-22 07:00:00,-0.00001032,ETHPERP
2025-04-22 15:00:00,0.000004,ETHPERP
2025-04-22 23:00:00,0.00005722,ETHPERP
2025-04-23 07:00:00,0.0000026,ETHPERP
2025-04-23 15:00:00,0.00005837,ETHPERP
2025-04-23 23:00:00,0.0000545,ETHPERP
2025-04-24 07:00:00,0.00005462,ETHPERP
2025-04-24 15:00:00,0.00000365,ETHPERP
2025-04-24 23:00:00,0.00004423,ETHPERP
2025-04-25 07:00:00,0.00003087,ETHPERP
2025-04-25 15:00:00,0.00001655,ETHPERP
2025-04-25 23:00:00,0.00001588,ETHPERP
2025-04-26 07:00:00,-0.00003861,ETHPERP
2025-04-26 15:00:00,-0.00001172,ETHPERP
2025-04-26 23:00:00,0.00000939,ETHPERP
2025-04-27 07:00:00,0.00008259,ETHPERP
2025-04-27 15:00:00,0.00000808,ETHPERP
2025-04-27 23:00:00,0.00000491,ETHPERP
2025-04-28 07:00:00,-0.00001384,ETHPERP
2025-04-28 15:00:00,0.00000111,ETHPERP
2025-04-28 23:00:00,-0.00000485,ETHPERP
2025-04-29 07:00:00,0.00004098,ETHPERP
2025-04-29 15:00:00,-0.000001,ETHPERP
